"pwgsi","P","m"
1,0,0.01
1,0,0.01
1,0,0.01
1,0,0.01
1,0,0.01
1,0,0.01
1,0,0.01
1,0,0.01
1,0,0.01
1,0,0.01
1,0,0.01
1,0,0.01
1,0,0.01
1,0,0.01
1,0,0.01
1,0,0.01
1,0,0.01
1,0,0.01
1,0,0.01
1,0,0.01
1,0,0.01
1,0,0.01
1,0,0.01
1,0,0.01
1,0,0.01
1,0,0.01
1,0,0.01
1,0,0.01
1,0,0.01
1,0,0.01
1,0,0.01
1,0,0.01
1,0,0.01
1,0,0.01
1,0,0.01
1,0,0.01
1,0,0.01
1,0,0.01
1,0,0.01
1,0,0.01
1,0,0.01
1,0,0.01
1,0,0.01
1,0,0.01
1,0,0.01
1,0,0.01
1,0,0.01
1,0,0.01
1,0,0.01
1,0,0.01
1,0,0.01
1,0,0.01
1,0,0.01
1,0,0.01
1,0,0.01
1,0,0.01
1,0,0.01
1,0,0.01
1,0,0.01
1,0,0.01
1,0,0.01
1,0,0.01
1,0,0.01
1,0,0.01
1,0,0.01
1,0,0.01
1,0,0.01
1,0,0.01
1,0,0.01
1,0,0.01
1,0,0.01
1,0,0.01
1,0,0.01
1,0,0.01
1,0,0.01
1,0,0.01
1,0,0.01
1,0,0.01
1,0,0.01
1,0,0.01
1,0,0.01
1,0,0.01
1,0,0.01
1,0,0.01
1,0,0.01
1,0,0.01
1,0,0.01
1,0,0.01
1,0,0.01
1,0,0.01
1,0,0.01
1,0,0.01
1,0,0.01
1,0,0.01
1,0,0.01
1,0,0.01
1,0,0.01
1,0,0.01
1,0,0.01
1,0,0.01
1,0,0.01
1,0,0.01
1,0,0.01
1,0,0.01
1,0,0.01
1,0,0.01
1,0,0.01
1,0,0.01
1,0,0.01
1,0,0.01
1,0,0.01
1,0,0.01
1,0,0.01
1,0,0.01
1,0,0.01
1,0,0.01
1,0,0.01
1,0,0.01
1,0,0.01
1,0,0.01
1,0,0.01
1,0,0.01
1,0,0.01
1,0,0.01
1,0,0.01
1,0,0.01
1,0,0.01
1,0,0.01
0.732272727272727,0,0.01
1,0,0.01
1,0,0.01
1,0,0.01
1,0,0.01
1,0,0.01
1,0,0.01
1,0,0.01
1,0,0.01
0.732272727272727,0,0.01
1,0,0.01
1,0,0.01
1,0,0.01
1,0,0.01
1,0,0.01
1,0,0.01
1,0,0.01
1,0,0.01
1,0,0.01
1,0,0.01
1,0,0.01
1,0,0.01
1,0,0.01
0.905,0,0.01
1,0,0.01
1,0,0.01
1,0,0.01
1,0,0.01
1,0,0.01
1,0,0.01
1,0,0.01
1,0,0.01
1,0,0.01
1,0,0.01
1,0,0.01
1,0,0.01
1,0,0.01
1,0,0.01
1,0,0.01
1,0,0.01
1,0,0.01
0.905,0,0.01
1,0,0.01
1,0,0.01
1,0,0.01
1,0,0.01
1,0,0.01
1,0,0.01
1,0,0.01
1,0,0.01
1,0,0.01
1,0,0.01
1,0,0.01
1,0,0.01
1,0,0.01
1,0,0.01
1,0,0.01
1,0,0.01
1,0,0.01
1,0,0.01
1,0,0.01
1,0,0.01
1,0,0.01
1,0,0.01
1,0,0.01
1,0,0.01
1,0,0.01
1,0,0.01
1,0,0.01
1,0,0.01
1,0,0.01
1,0,0.01
1,0,0.01
1,0,0.01
1,0,0.01
1,0,0.01
1,0,0.01
1,0,0.01
1,0,0.01
1,0,0.01
1,0,0.01
1,0,0.01
1,0,0.01
1,0,0.01
1,0,0.01
1,0,0.01
1,0,0.01
1,0,0.01
1,0,0.01
1,0,0.01
1,0,0.01
1,0,0.01
1,0,0.01
1,0,0.01
1,0,0.01
1,0,0.01
1,0,0.01
0.6675,0,0.01
1,0,0.01
1,0,0.01
1,0,0.01
1,0,0.01
1,0,0.01
1,0,0.01
1,0,0.01
1,0,0.01
1,0,0.01
1,0,0.01
1,0,0.01
1,0,0.01
1,0,0.01
1,0,0.01
1,0,0.01
1,0,0.01
1,0,0.01
0.905,0,0.01
1,0,0.01
1,0,0.01
1,0,0.01
1,0,0.01
1,0,0.01
1,0,0.01
1,0,0.01
1,0,0.01
1,0,0.01
1,0,0.01
1,0,0.01
1,0,0.01
1,0,0.01
1,0,0.01
1,0,0.01
1,0,0.01
1,0,0.01
1,0,0.01
1,0,0.01
1,0,0.01
0.905,0,0.01
1,0,0.01
1,0,0.01
1,0,0.01
1,0,0.01
1,0,0.01
1,0,0.01
1,0,0.01
1,0,0.01
1,0,0.01
1,0,0.01
1,0,0.01
1,0,0.01
1,0,0.01
1,0,0.01
1,0,0.01
1,0,0.01
1,0,0.01
0.905,0,0.01
1,0,0.01
1,0,0.01
1,0,0.01
1,0,0.01
1,0,0.01
1,0,0.01
1,0,0.01
1,0,0.01
1,0,0.01
1,0,0.01
1,0,0.01
1,0,0.01
1,0,0.01
1,0,0.01
1,0,0.01
1,0,0.01
1,0,0.01
1,0,0.01
1,0,0.01
1,0,0.01
1,0,0.01
1,0,0.01
1,0,0.01
1,0,0.01
1,0,0.01
1,0,0.01
1,0,0.01
1,0,0.01
1,0,0.01
1,0,0.01
1,0,0.01
1,0,0.01
1,0,0.01
1,0,0.01
1,0,0.01
1,0,0.01
1,0,0.01
1,0,0.01
0.6675,0,0.01
1,0,0.01
1,0,0.01
1,0,0.01
1,0,0.01
1,0,0.01
1,0,0.01
1,0,0.01
1,0,0.01
1,0,0.01
1,0,0.01
1,0,0.01
1,0,0.01
1,0,0.01
1,0,0.01
1,0,0.01
1,0,0.01
1,0,0.01
1,0,0.01
1,0,0.01
0.732272727272727,0,0.01
1,0,0.01
1,0,0.01
1,0,0.01
1,0,0.01
1,0,0.01
1,0,0.01
1,0,0.01
1,0,0.01
1,0,0.01
1,0,0.01
1,0,0.01
1,0,0.01
1,0,0.01
1,0,0.01
1,0,0.01
1,0,0.01
1,0,0.01
1,0,0.01
1,0,0.01
1,0,0.01
1,0,0.01
1,0,0.01
1,0,0.01
1,0,0.01
1,0,0.01
1,0,0.01
1,0,0.01
1,0,0.01
1,0,0.01
1,0,0.01
1,0,0.01
1,0,0.01
1,0,0.01
1,0,0.01
0.905,0,0.01
1,0,0.01
1,0,0.01
1,0,0.01
1,0,0.01
1,0,0.01
1,0,0.01
1,0,0.01
1,0,0.01
1,0,0.01
1,0,0.01
1,0,0.01
1,0,0.01
1,0,0.01
1,0,0.01
1,0,0.01
1,0,0.01
1,0,0.01
1,0,0.01
1,0,0.01
1,0,0.01
1,0,0.01
1,0,0.01
1,0,0.01
1,0,0.01
1,0,0.01
1,0,0.01
1,0,0.01
1,0,0.01
1,0,0.01
1,0,0.01
1,0,0.01
1,0,0.01
1,0,0.01
1,0,0.01
0.905,0,0.01
1,0,0.01
1,0,0.01
1,0,0.01
1,0,0.01
1,0,0.01
1,0,0.01
1,0,0.01
1,0,0.01
1,0,0.01
1,0,0.01
0.732272727272727,0,0.01
1,0,0.01
1,0,0.01
1,0,0.01
1,0,0.01
1,0,0.01
1,0,0.01
1,0,0.01
1,0,0.01
1,0,0.01
1,0,0.01
1,0,0.01
1,0,0.01
1,0,0.01
1,0,0.01
1,0,0.01
1,0,0.01
1,0,0.01
1,0,0.01
1,0,0.01
1,0,0.01
1,0,0.01
1,0,0.01
1,0,0.01
1,0,0.01
1,0,0.01
1,0,0.01
1,0,0.01
1,0,0.01
1,0,0.01
1,0,0.01
1,0,0.01
1,0,0.01
1,0,0.01
1,0,0.01
1,0,0.01
1,0,0.01
1,0,0.01
1,0,0.01
1,0,0.01
1,0,0.01
1,0,0.01
1,0,0.01
1,0,0.01
1,0,0.01
1,0,0.01
1,0,0.01
1,0,0.01
1,0,0.01
1,0,0.01
1,0,0.01
1,0,0.01
1,0,0.01
1,0,0.01
1,0,0.01
1,0,0.01
1,0,0.01
1,0,0.01
1,0,0.01
1,0,0.01
1,0,0.01
1,0,0.01
1,0,0.01
1,0,0.01
1,0,0.01
1,0,0.01
1,0,0.01
1,0,0.01
1,0,0.01
1,0,0.01
1,0,0.01
1,0,0.01
1,0,0.01
1,0,0.01
1,0,0.01
1,0,0.01
1,0,0.01
1,0,0.01
1,0,0.1
1,0,0.1
1,0,0.1
1,0,0.1
1,0,0.1
0.732272727272727,0,0.1
1,0,0.1
0.905,0,0.1
1,0,0.1
1,0,0.1
1,0,0.1
1,0,0.1
1,0,0.1
0.732272727272727,0,0.1
1,0,0.1
1,0,0.1
0.905,0,0.1
1,0,0.1
1,0,0.1
0.654545454545455,0,0.1
1,0,0.1
1,0,0.1
1,0,0.1
1,0,0.1
1,0,0.1
1,0,0.1
1,0,0.1
1,0,0.1
1,0,0.1
1,0,0.1
1,0,0.1
1,0,0.1
1,0,0.1
0.487987012987013,0,0.1
1,0,0.1
1,0,0.1
0.525,0,0.1
1,0,0.1
0.905,0,0.1
1,0,0.1
1,0,0.1
1,0,0.1
1,0,0.1
1,0,0.1
1,0,0.1
1,0,0.1
1,0,0.1
1,0,0.1
1,0,0.1
1,0,0.1
1,0,0.1
1,0,0.1
1,0,0.1
1,0,0.1
1,0,0.1
0.732272727272727,0,0.1
1,0,0.1
1,0,0.1
1,0,0.1
1,0,0.1
0.905,0,0.1
1,0,0.1
1,0,0.1
0.732272727272727,0,0.1
0.6675,0,0.1
0.6675,0,0.1
0.565714285714286,0.001,0.1
0.654545454545455,0,0.1
0.732272727272727,0,0.1
0.732272727272727,0,0.1
1,0,0.1
1,0,0.1
1,0,0.1
1,0,0.1
0.6675,0,0.1
1,0,0.1
1,0,0.1
0.905,0,0.1
1,0,0.1
1,0,0.1
0.905,0,0.1
1,0,0.1
1,0,0.1
1,0,0.1
1,0,0.1
1,0,0.1
1,0,0.1
0.905,0,0.1
1,0,0.1
0.905,0,0.1
0.732272727272727,0,0.1
1,0,0.1
0.6675,0,0.1
0.6675,0,0.1
1,0,0.1
1,0,0.1
1,0,0.1
1,0,0.1
1,0,0.1
1,0,0.1
1,0,0.1
1,0,0.1
1,0,0.1
1,0,0.1
1,0,0.1
0.732272727272727,0,0.1
1,0,0.1
1,0,0.1
1,0,0.1
1,0,0.1
1,0,0.1
1,0,0.1
1,0,0.1
0.6675,0,0.1
1,0,0.1
1,0,0.1
1,0,0.1
0.732272727272727,0,0.1
1,0,0.1
1,0,0.1
0.612692307692308,0,0.1
1,0,0.1
1,0,0.1
0.6675,0,0.1
1,0,0.1
1,0,0.1
0.732272727272727,0,0.1
1,0,0.1
1,0,0.1
1,0,0.1
1,0,0.1
0.905,0,0.1
1,0,0.1
1,0,0.1
1,0,0.1
0.732272727272727,0,0.1
1,0,0.1
1,0,0.1
1,0,0.1
1,0,0.1
1,0,0.1
1,0,0.1
1,0,0.1
1,0,0.1
1,0,0.1
1,0,0.1
0.732272727272727,0,0.1
1,0,0.1
1,0,0.1
0.905,0,0.1
1,0,0.1
1,0,0.1
1,0,0.1
1,0,0.1
1,0,0.1
0.612692307692308,0,0.1
0.589772727272727,0,0.1
1,0,0.1
1,0,0.1
1,0,0.1
0.732272727272727,0,0.1
0.905,0,0.1
0.905,0,0.1
0.6675,0,0.1
1,0,0.1
1,0,0.1
1,0,0.1
0.732272727272727,0,0.1
1,0,0.1
1,0,0.1
1,0,0.1
0.732272727272727,0,0.1
1,0,0.1
1,0,0.1
1,0,0.1
1,0,0.1
1,0,0.1
1,0,0.1
0.6675,0,0.1
1,0,0.1
0.612692307692308,0,0.1
0.905,0,0.1
1,0,0.1
0.732272727272727,0,0.1
1,0,0.1
1,0,0.1
1,0,0.1
1,0,0.1
1,0,0.1
1,0,0.1
0.732272727272727,0,0.1
0.905,0,0.1
0.589772727272727,0,0.1
0.565714285714286,0,0.1
1,0,0.1
1,0,0.1
1,0,0.1
1,0,0.1
0.612692307692308,0,0.1
1,0,0.1
0.6675,0,0.1
1,0,0.1
1,0,0.1
1,0,0.1
1,0,0.1
0.905,0,0.1
1,0,0.1
1,0,0.1
0.905,0,0.1
1,0,0.1
1,0,0.1
1,0,0.1
1,0,0.1
1,0,0.1
1,0,0.1
1,0,0.1
1,0,0.1
1,0,0.1
1,0,0.1
1,0,0.1
0.732272727272727,0,0.1
1,0,0.1
1,0,0.1
0.905,0,0.1
0.612692307692308,0,0.1
1,0,0.1
1,0,0.1
1,0,0.1
1,0,0.1
1,0,0.1
1,0,0.1
0.732272727272727,0,0.1
1,0,0.1
1,0,0.1
1,0,0.1
0.6675,0,0.1
1,0,0.1
1,0,0.1
1,0,0.1
1,0,0.1
1,0,0.1
0.732272727272727,0,0.1
1,0,0.1
1,0,0.1
0.732272727272727,0,0.1
1,0,0.1
1,0,0.1
1,0,0.1
1,0,0.1
0.732272727272727,0,0.1
1,0,0.1
1,0,0.1
0.6675,0,0.1
1,0,0.1
1,0,0.1
0.732272727272727,0,0.1
0.905,0,0.1
0.905,0,0.1
0.732272727272727,0,0.1
0.6675,0,0.1
1,0,0.1
1,0,0.1
0.565714285714286,0,0.1
1,0,0.1
1,0,0.1
1,0,0.1
0.732272727272727,0,0.1
1,0,0.1
0.6675,0,0.1
1,0,0.1
0.732272727272727,0,0.1
1,0,0.1
0.905,0,0.1
1,0,0.1
1,0,0.1
1,0,0.1
1,0,0.1
1,0,0.1
0.565714285714286,0.001,0.1
0.732272727272727,0,0.1
1,0,0.1
1,0,0.1
1,0,0.1
1,0,0.1
1,0,0.1
1,0,0.1
1,0,0.1
1,0,0.1
0.732272727272727,0,0.1
1,0,0.1
1,0,0.1
0.732272727272727,0,0.1
1,0,0.1
1,0,0.1
0.654545454545455,0,0.1
1,0,0.1
1,0,0.1
1,0,0.1
1,0,0.1
0.732272727272727,0,0.1
1,0,0.1
0.905,0,0.1
1,0,0.1
0.905,0,0.1
1,0,0.1
0.6675,0,0.1
0.732272727272727,0,0.1
1,0,0.1
1,0,0.1
0.905,0,0.1
1,0,0.1
1,0,0.1
1,0,0.1
0.6675,0,0.1
1,0,0.1
1,0,0.1
1,0,0.1
0.905,0,0.1
1,0,0.1
1,0,0.1
1,0,0.1
1,0,0.1
1,0,0.1
0.447272727272727,0.001,0.1
0.565714285714286,0.001,0.1
0.612692307692308,0,0.1
1,0,0.1
0.654545454545455,0,0.1
1,0,0.1
1,0,0.1
1,0,0.1
1,0,0.1
0.905,0,0.1
0.732272727272727,0,0.1
0.905,0,0.1
1,0,0.1
0.6675,0,0.1
1,0,0.1
1,0,0.1
1,0,0.1
1,0,0.1
1,0,0.1
0.905,0,0.1
1,0,0.1
1,0,0.1
0.905,0,0.1
1,0,0.1
1,0,0.1
0.905,0,0.1
1,0,0.1
1,0,0.1
1,0,0.1
1,0,0.1
1,0,0.1
1,0,0.1
0.6675,0,0.1
0.565714285714286,0,0.1
1,0,0.1
1,0,0.1
0.6675,0,0.1
1,0,0.1
1,0,0.1
1,0,0.1
1,0,0.1
1,0,0.1
1,0,0.1
1,0,0.1
1,0,0.1
1,0,0.1
1,0,0.1
0.905,0,0.1
1,0,0.1
1,0,0.1
1,0,0.1
1,0,0.1
1,0,0.1
1,0,0.1
1,0,0.1
0.589772727272727,0,0.1
1,0,0.1
0.6675,0,0.1
1,0,0.1
1,0,0.1
1,0,0.1
0.905,0,0.1
1,0,0.1
1,0,0.1
1,0,0.1
0.905,0,0.1
1,0,0.1
0.905,0,0.1
1,0,0.1
0.6675,0,0.1
1,0,0.1
1,0,0.1
1,0,0.1
0.905,0,0.1
1,0,0.1
1,0,0.1
1,0,0.1
1,0,0.1
1,0,0.1
1,0,0.1
1,0,0.1
0.905,0,0.1
1,0,0.1
1,0,0.1
1,0,0.1
1,0,0.1
1,0,0.1
1,0,0.1
1,0,0.1
0.612692307692308,0.001,0.1
1,0,0.1
1,0,0.1
1,0,0.1
0.6675,0,0.1
1,0,0.1
1,0,0.1
1,0,0.1
1,0,0.1
1,0,0.1
1,0,0.1
1,0,0.1
0.905,0,0.1
0.732272727272727,0,0.1
0.732272727272727,0,0.1
0.612692307692308,0,0.1
0.6675,0,0.1
0.732272727272727,0,0.1
1,0,0.1
0.612692307692308,0,0.1
0.732272727272727,0,0.1
1,0,0.1
1,0,0.1
1,0,0.1
1,0,0.1
1,0,0.1
1,0,0.1
0.6675,0,0.1
0.732272727272727,0,0.1
1,0,0.1
1,0,0.1
1,0,0.1
0.732272727272727,0,0.1
1,0,0.1
0.732272727272727,0,0.1
1,0,0.1
1,0,0.1
1,0,0.1
1,0,0.1
1,0,0.1
1,0,0.1
1,0,0.1
1,0,0.1
1,0,0.1
1,0,0.1
1,0,0.1
1,0,0.1
1,0,0.1
1,0,0.1
1,0,0.1
1,0,0.1
0.905,0,0.1
1,0,0.1
0.732272727272727,0,0.1
1,0,0.1
1,0,0.1
1,0,0.1
1,0,0.1
1,0,0.1
1,0,0.1
0.612692307692308,0.001,0.1
1,0,0.1
0.905,0,0.1
0.905,0,0.1
1,0,0.1
1,0,0.1
1,0,0.1
1,0,0.1
0.612692307692308,0,0.1
1,0,0.1
1,0,0.1
0.905,0,0.1
1,0,0.1
1,0,0.1
0.6675,0,0.1
1,0,0.1
0.905,0,0.1
0.905,0,0.1
1,0,0.1
1,0,0.1
0.732272727272727,0,0.1
1,0,0.1
0.6675,0,0.1
0.612692307692308,0,0.1
1,0,0.1
0.732272727272727,0,0.1
1,0,0.1
1,0,0.1
0.204375,0.153,100
0.025,0.894,100
0.145,0.291,100
0.204375,0.119,100
0.084375,0.575,100
0.16875,0.148,100
0.24,0.087,100
0.0529411764705883,0.638,100
0.105882352941177,0.537,100
0.137316176470588,0.274,100
0.172941176470588,0.257,100
0.109375,0.325,100
0.105882352941177,0.668,100
0.12,0.296,100
0.025,0.971,100
0.109375,0.539,100
0.204375,0.171,100
0.245089285714286,0.046,100
0.109375,0.289,100
0.084375,0.656,100
0.16875,0.253,100
0.137316176470588,0.265,100
0.109375,0.453,100
0.105882352941177,0.426,100
0.280714285714286,0.024,100
0.0529411764705883,0.718,100
0.204375,0.098,100
0.172941176470588,0.155,100
0.137316176470588,0.33,100
0.204375,0.064,100
0.105882352941177,0.56,100
0.321428571428572,0.007,100
0.137316176470588,0.3,100
0.0779411764705883,0.763,100
0.137316176470588,0.31,100
0.145,0.197,100
0.05,0.817,100
0.105882352941177,0.496,100
0.109375,0.219,100
0.137316176470588,0.554,100
0.025,0.927,100
0.204375,0.08,100
0.137316176470588,0.357,100
0.109375,0.293,100
0.280714285714286,0.044,100
0.204375,0.113,100
0.05,0.798,100
0.105882352941177,0.52,100
0.137316176470588,0.434,100
0.137316176470588,0.252,100
0.0779411764705883,0.73,100
0.105882352941177,0.473,100
0.280714285714286,0.023,100
0.0529411764705883,0.776,100
0.084375,0.526,100
0.105882352941177,0.635,100
0.0529411764705883,0.745,100
0.204375,0.154,100
0.137316176470588,0.394,100
0.16875,0.241,100
0.12,0.321,100
0.204375,0.069,100
0.137316176470588,0.454,100
0.05,0.865,100
0.0529411764705883,0.786,100
0.05,0.84,100
0.0529411764705883,0.666,100
0.204375,0.081,100
0.105882352941177,0.684,100
0.109375,0.514,100
0.0779411764705883,0.657,100
0.280714285714286,0.028,100
0.105882352941177,0.527,100
0.172941176470588,0.133,100
0.172941176470588,0.2,100
0.105882352941177,0.505,100
0.05,0.913,100
0.025,0.882,100
0.05,0.804,100
0.105882352941177,0.576,100
0.109375,0.249,100
0.204375,0.136,100
0.05,0.869,100
0.137316176470588,0.184,100
0.137316176470588,0.331,100
0.280714285714286,0.02,100
0.245089285714286,0.033,100
0.137316176470588,0.18,100
0.24,0.091,100
0.185714285714286,0.11,100
0.368406593406593,0.005,100
0.109375,0.309,100
0.327692307692308,0.01,100
0.109375,0.577,100
0.0779411764705883,0.619,100
0.204375,0.158,100
0.16875,0.22,100
0.0529411764705883,0.722,100
0.0779411764705883,0.662,100
0.204375,0.096,100
0.0529411764705883,0.714,100
0.109375,0.684,100
0.0529411764705883,0.644,100
0.0779411764705883,0.752,100
0.05,0.834,100
0.109375,0.477,100
0.327692307692308,0.025,100
0.0779411764705883,0.534,100
0.025,0.949,100
0.0779411764705883,0.557,100
0.0779411764705883,0.848,100
0.109375,0.355,100
0.137316176470588,0.278,100
0.145,0.195,100
0.105882352941177,0.486,100
0.05,0.871,100
0.137316176470588,0.389,100
0.16875,0.163,100
0.245089285714286,0.031,100
0.109375,0.502,100
0.280714285714286,0.02,100
0.105882352941177,0.537,100
0.423214285714286,0,100
0.0779411764705883,0.718,100
0.204375,0.114,100
0.0529411764705883,0.896,100
0.16875,0.163,100
0.0529411764705883,0.615,100
0.0529411764705883,0.797,100
0.109375,0.294,100
0.368406593406593,0.008,100
0.109375,0.397,100
0.137316176470588,0.266,100
0.213655462184874,0.05,100
0.245089285714286,0.037,100
0.321428571428572,0.013,100
0.025,0.909,100
0.145,0.223,100
0.105882352941177,0.444,100
0.16875,0.189,100
0.204375,0.103,100
0.172941176470588,0.223,100
0.204375,0.115,100
0.05,0.819,100
0.368406593406593,0.006,100
0.105882352941177,0.513,100
0.137316176470588,0.339,100
0.0779411764705883,0.654,100
0.109375,0.462,100
0.0779411764705883,0.67,100
0.109375,0.337,100
0.0779411764705883,0.511,100
0.105882352941177,0.467,100
0.204375,0.103,100
0.05,0.792,100
0.172941176470588,0.121,100
0.185714285714286,0.099,100
0.204375,0.055,100
0.16875,0.209,100
0.145,0.193,100
0.245089285714286,0.062,100
0.0529411764705883,0.73,100
0.0779411764705883,0.642,100
0.05,0.841,100
0.05,0.838,100
0.280714285714286,0.025,100
0.321428571428572,0.009,100
0.0779411764705883,0.498,100
0.24,0.088,100
0.145,0.143,100
0.232692307692308,0.044,100
0.137316176470588,0.308,100
0.137316176470588,0.266,100
0.137316176470588,0.213,100
0.137316176470588,0.28,100
0.137316176470588,0.28,100
0.137316176470588,0.304,100
0.245089285714286,0.05,100
0.0779411764705883,0.697,100
0.0529411764705883,0.668,100
0.109375,0.403,100
0.423214285714286,0,100
0.109375,0.531,100
0.109375,0.411,100
0.084375,0.508,100
0.204375,0.172,100
0.172941176470588,0.161,100
0.204375,0.127,100
0.24,0.078,100
0.05,0.857,100
0.0779411764705883,0.769,100
0.105882352941177,0.503,100
0.3825,0.003,100
0.05,0.732,100
0.084375,0.534,100
0.137316176470588,0.321,100
0.16875,0.173,100
0.172941176470588,0.176,100
0.16875,0.199,100
0.109375,0.418,100
0.24,0.069,100
0.245089285714286,0.037,100
0.105882352941177,0.512,100
0.109375,0.365,100
0.204375,0.101,100
0.137316176470588,0.315,100
0.025,0.894,100
0.145,0.341,100
0.137316176470588,0.229,100
0.321428571428572,0.012,100
0.280714285714286,0.016,100
0.137316176470588,0.313,100
0.025,0.789,100
0.137316176470588,0.213,100
0.05,0.867,100
0.525,0,100
0.137316176470588,0.272,100
0.05,0.861,100
0.24,0.065,100
0.204375,0.04,100
0.105882352941177,0.437,100
0.145,0.333,100
0.204375,0.114,100
0.105882352941177,0.499,100
0.137316176470588,0.336,100
0.204375,0.06,100
0.137316176470588,0.246,100
0.05,0.916,100
0.0779411764705883,0.641,100
0.137316176470588,0.275,100
0.05,0.801,100
0.16875,0.206,100
0.109375,0.473,100
0.105882352941177,0.505,100
0.172941176470588,0.102,100
0.137316176470588,0.443,100
0.137316176470588,0.425,100
0.105882352941177,0.607,100
0.0779411764705883,0.577,100
0.137316176470588,0.352,100
0.105882352941177,0.412,100
0.16875,0.169,100
0.327692307692308,0.011,100
0.105882352941177,0.468,100
0.0779411764705883,0.649,100
0.213655462184874,0.081,100
0.24,0.085,100
0.0779411764705883,0.707,100
0.025,0.882,100
0.137316176470588,0.338,100
0.109375,0.395,100
0.0529411764705883,0.785,100
0.16875,0.273,100
0.327692307692308,0.004,100
0.137316176470588,0.256,100
0.105882352941177,0.607,100
0.05,0.815,100
0.16875,0.091,100
0.0779411764705883,0.799,100
0.204375,0.131,100
0.204375,0.085,100
0.16875,0.247,100
0.321428571428572,0.023,100
0.280714285714286,0.025,100
0.0779411764705883,0.484,100
0.12,0.387,100
0.109375,0.39,100
0.05,0.822,100
0.137316176470588,0.355,100
0.0779411764705883,0.606,100
0.137316176470588,0.253,100
0.025,0.874,100
0.105882352941177,0.457,100
0.204375,0.084,100
0.415384615384615,0.003,100
0.105882352941177,0.493,100
0.105882352941177,0.557,100
0.280714285714286,0.035,100
0.16875,0.199,100
0.137316176470588,0.254,100
0.16875,0.175,100
0.0779411764705883,0.505,100
0.16875,0.345,100
0.109375,0.47,100
0.05,0.789,100
0.109375,0.179,100
0.204375,0.151,100
0.145,0.281,100
0.245089285714286,0.032,100
0.025,0.93,100
0.109375,0.476,100
0.204375,0.115,100
0.025,0.913,100
0.084375,0.555,100
0.368406593406593,0.007,100
0.105882352941177,0.441,100
0.0779411764705883,0.638,100
0.137316176470588,0.419,100
0.292067307692308,0.019,100
0.084375,0.524,100
0.321428571428572,0.013,100
0.137316176470588,0.231,100
0.321428571428572,0.012,100
0.025,0.959,100
0.05,0.854,100
0.084375,0.716,100
0.0779411764705883,0.731,100
0.137316176470588,0.32,100
0.0779411764705883,0.868,100
0.0779411764705883,0.614,100
0.0779411764705883,0.645,100
0.109375,0.374,100
0.105882352941177,0.795,100
0.172941176470588,0.097,100
0.204375,0.066,100
0.368406593406593,0.002,100
0.16875,0.16,100
0.16875,0.253,100
0.160714285714286,0.155,100
0.0529411764705883,0.762,100
0.204375,0.066,100
0.204375,0.093,100
0.16875,0.204,100
0.137316176470588,0.201,100
0.137316176470588,0.215,100
0.105882352941177,0.489,100
0.137316176470588,0.267,100
0.204375,0.109,100
0.137316176470588,0.191,100
0.05,0.812,100
0.0779411764705883,0.65,100
0.109375,0.359,100
0.423214285714286,0,100
0.137316176470588,0.228,100
0.0779411764705883,0.797,100
0.105882352941177,0.426,100
0.204375,0.115,100
0.137316176470588,0.223,100
0.172941176470588,0.187,100
0.204375,0.114,100
0.109375,0.376,100
0.16875,0.207,100
0.204375,0.102,100
0.105882352941177,0.58,100
0.280714285714286,0.018,100
0,0.986,100
0.24,0.046,100
0.109375,0.357,100
0.16875,0.126,100
0.025,0.876,100
0.105882352941177,0.593,100
0.105882352941177,0.527,100
0.534965034965035,0,100
0.137316176470588,0.243,100
0.109375,0.479,100
0.105882352941177,0.563,100
0.16875,0.258,100
0.0779411764705883,0.569,100
0.025,0.89,100
0.204375,0.102,100
0.084375,0.519,100
0.24,0.066,100
0.0779411764705883,0.639,100
0.137316176470588,0.302,100
0.0779411764705883,0.687,100
0.280714285714286,0.036,100
0.05,0.862,100
0.172941176470588,0.176,100
0.16875,0.203,100
0.0779411764705883,0.497,100
0.05,0.763,100
0.137316176470588,0.454,100
0.105882352941177,0.384,100
0.105882352941177,0.638,100
0.137316176470588,0.412,100
0.172941176470588,0.107,100
0.16875,0.196,100
0.245089285714286,0.072,100
0.172941176470588,0.17,100
0.109375,0.476,100
0,0.988,100
0.16875,0.22,100
0.292067307692308,0.022,100
0.280714285714286,0.017,100
0.16875,0.236,100
0.0529411764705883,0.84,100
0.0779411764705883,0.795,100
0.05,0.739,100
0.0779411764705883,0.609,100
0.137316176470588,0.217,100
0.280714285714286,0.024,100
0.0779411764705883,0.633,100
0.137316176470588,0.297,100
0.172941176470588,0.135,100
0.137316176470588,0.233,100
0.16875,0.282,100
0.0779411764705883,0.63,100
0.105882352941177,0.458,100
0.137316176470588,0.231,100
0.084375,0.548,100
0.105882352941177,0.481,100
0.05,0.848,100
0.109375,0.57,100
0.145,0.261,100
0.137316176470588,0.238,100
0.172941176470588,0.131,100
0.280714285714286,0.014,100
0.137316176470588,0.311,100
0.105882352941177,0.449,100
0.137316176470588,0.335,100
0.109375,0.383,100
0.172941176470588,0.216,100
0.327692307692308,0.001,100
0.204375,0.129,100
0.105882352941177,0.385,100
0.0779411764705883,0.512,100
0.0529411764705883,0.654,100
0.084375,0.696,100
0.105882352941177,0.529,100
0.025,0.851,100
0.280714285714286,0.021,100
0.105882352941177,0.531,100
0.204375,0.06,100
0.137316176470588,0.268,100
0.137316176470588,0.224,100
0.24,0.028,100
0.204375,0.113,100
0.321428571428572,0.025,100
0.105882352941177,0.411,100
0.24,0.062,100
0.025,0.929,100
0.109375,0.364,100
0.084375,0.669,100
0.172941176470588,0.147,100
0.204375,0.13,100
0.137316176470588,0.187,100
0.025,0.948,100
0.213655462184874,0.058,100
0.245089285714286,0.044,100
0.084375,0.681,100
0.245089285714286,0.06,100
0.16875,0.253,100
0.105882352941177,0.536,100
0.137316176470588,0.354,100
0.084375,0.508,100
0.105882352941177,0.481,100
0.0779411764705883,0.717,100
0.137316176470588,0.428,100
0.0779411764705883,0.508,100
0.025,0.84,100
0.204375,0.085,100
0.280714285714286,0.033,100
0.0529411764705883,0.721,100
0.137316176470588,0.342,100
0.0779411764705883,0.502,100
0.145,0.322,100
0.280714285714286,0.015,100
0.105882352941177,0.687,100
0.05,0.858,100
0.109375,0.401,100
0.0779411764705883,0.693,100
0.105882352941177,0.474,100
0.109375,0.345,100
0.16875,0.328,100
0.16875,0.183,100
0.204375,0.123,100
0.16875,0.2,100
0.16875,0.206,100
0.105882352941177,0.54,100
0.0779411764705883,0.676,100
0.105882352941177,0.576,100
0.105882352941177,0.499,100
0.0779411764705883,0.723,100
0.05,0.845,100
0.204375,0.094,100
0.05,0.761,100
0.0779411764705883,0.636,100
0.137316176470588,0.31,100
0.0779411764705883,0.608,100
0.0529411764705883,0.563,100
0.137316176470588,0.286,100
0.137316176470588,0.355,100
0.105882352941177,0.439,100
0.05,0.886,100
0.0779411764705883,0.572,100
0.24,0.058,100
0.025,0.816,100
0.105882352941177,0.438,100
0.109375,0.557,100
0.109375,0.439,100
0.0529411764705883,0.769,100
0.109375,0.456,100
0.109375,0.478,100
0.327692307692308,0.013,100
0.137316176470588,0.405,100
0.204375,0.147,100
0.105882352941177,0.525,100
0.16875,0.223,100
0.204375,0.175,100
0.0779411764705883,0.583,100
0.24,0.045,10
0.16875,0.154,10
0.280714285714286,0.013,10
0.172941176470588,0.139,10
0.16875,0.188,10
0.245089285714286,0.022,10
0.172941176470588,0.118,10
0.137316176470588,0.294,10
0.204375,0.058,10
0.415384615384615,0.007,10
0.204375,0.129,10
0.3825,0.001,10
0.487987012987013,0,10
0.280714285714286,0.009,10
0.3825,0.007,10
0.245089285714286,0.055,10
0.415384615384615,0.003,10
0.327692307692308,0.015,10
0.137316176470588,0.253,10
0.280714285714286,0.025,10
0.204375,0.127,10
0.280714285714286,0.028,10
0.245089285714286,0.029,10
0.280714285714286,0.031,10
0.321428571428572,0.014,10
0.204375,0.117,10
0.423214285714286,0,10
0.204375,0.111,10
0.470192307692308,0.001,10
0.280714285714286,0.011,10
0.24,0.024,10
0.204375,0.134,10
0.327692307692308,0.006,10
0.172941176470588,0.121,10
0.204375,0.114,10
0.24,0.056,10
0.204375,0.081,10
0.3825,0.003,10
0.368406593406593,0.006,10
0.0779411764705883,0.698,10
0.321428571428572,0.023,10
0.321428571428572,0.012,10
0.346875,0.009,10
0.204375,0.113,10
0.204375,0.117,10
0.24,0.052,10
0.280714285714286,0.016,10
0.534965034965035,0.001,10
0.565714285714286,0,10
0.423214285714286,0.002,10
0.327692307692308,0.004,10
0.172941176470588,0.096,10
0.415384615384615,0,10
0.24,0.126,10
0.172941176470588,0.183,10
0.24,0.078,10
0.321428571428572,0.013,10
0.24,0.038,10
0.321428571428572,0.008,10
0.137316176470588,0.333,10
0.423214285714286,0,10
0.204375,0.152,10
0.321428571428572,0.016,10
0.280714285714286,0.007,10
0.084375,0.441,10
0.24,0.056,10
0.423214285714286,0,10
0.368406593406593,0.002,10
0.24,0.07,10
0.3825,0.001,10
0.137316176470588,0.26,10
0.415384615384615,0.002,10
0.145,0.114,10
0.204375,0.083,10
0.16875,0.178,10
0.172941176470588,0.176,10
0.137316176470588,0.21,10
0.16875,0.205,10
0.280714285714286,0.017,10
0.327692307692308,0.013,10
0.534965034965035,0,10
0.321428571428572,0.015,10
0.3825,0.001,10
0.380213903743316,0.008,10
0.423214285714286,0,10
0.321428571428572,0.02,10
0.280714285714286,0.026,10
0.12,0.298,10
0.137316176470588,0.293,10
0.487987012987013,0,10
0.280714285714286,0.031,10
0.16875,0.197,10
0.321428571428572,0.009,10
0.321428571428572,0.019,10
0.24,0.072,10
0.24,0.047,10
0.24,0.069,10
0.292067307692308,0.012,10
0.280714285714286,0.016,10
0.204375,0.135,10
0.204375,0.092,10
0.327692307692308,0.007,10
0.137316176470588,0.198,10
0.204375,0.065,10
0.213655462184874,0.083,10
0.24,0.061,10
0.24,0.042,10
0.204375,0.071,10
0.280714285714286,0.04,10
0.280714285714286,0.019,10
0.137316176470588,0.263,10
0.213655462184874,0.154,10
0.423214285714286,0.006,10
0.470192307692308,0.002,10
0.16875,0.173,10
0.327692307692308,0.003,10
0.24,0.025,10
0.245089285714286,0.023,10
0.204375,0.041,10
0.280714285714286,0.019,10
0.327692307692308,0.004,10
0.172941176470588,0.153,10
0.3825,0.002,10
0.16875,0.129,10
0.16875,0.278,10
0.24,0.086,10
0.415384615384615,0.001,10
0.368406593406593,0.002,10
0.423214285714286,0,10
0.16875,0.117,10
0.280714285714286,0.013,10
0.368406593406593,0.004,10
0.321428571428572,0.027,10
0.280714285714286,0.022,10
0.172941176470588,0.13,10
0.172941176470588,0.075,10
0.213655462184874,0.06,10
0.137316176470588,0.327,10
0.245089285714286,0.01,10
0.245089285714286,0.03,10
0.245089285714286,0.034,10
0.24,0.043,10
0.423214285714286,0.001,10
0.0779411764705883,0.642,10
0.346875,0.008,10
0.423214285714286,0.001,10
0.415384615384615,0.004,10
0.470192307692308,0,10
0.3825,0.003,10
0.487987012987013,0,10
0.172941176470588,0.162,10
0.24,0.022,10
0.172941176470588,0.172,10
0.327692307692308,0.007,10
0.280714285714286,0.008,10
0.470192307692308,0,10
0.145,0.306,10
0.280714285714286,0.016,10
0.415384615384615,0.001,10
0.368406593406593,0.004,10
0.280714285714286,0.016,10
0.213655462184874,0.097,10
0.245089285714286,0.026,10
0.204375,0.102,10
0.24,0.1,10
0.321428571428572,0.012,10
0.470192307692308,0,10
0.368406593406593,0.004,10
0.16875,0.167,10
0.280714285714286,0.015,10
0.280714285714286,0.029,10
0.415384615384615,0.003,10
0.368406593406593,0.003,10
0.204375,0.134,10
0.24,0.087,10
0.280714285714286,0.018,10
0.24,0.048,10
0.280714285714286,0.04,10
0.204375,0.105,10
0.470192307692308,0.001,10
0.280714285714286,0.03,10
0.292067307692308,0.016,10
0.245089285714286,0.018,10
0.16875,0.252,10
0.280714285714286,0.031,10
0.280714285714286,0.014,10
0.245089285714286,0.025,10
0.172941176470588,0.19,10
0.327692307692308,0.01,10
0.213655462184874,0.036,10
0.204375,0.085,10
0.24,0.041,10
0.415384615384615,0.004,10
0.368406593406593,0.006,10
0.327692307692308,0.004,10
0.368406593406593,0.009,10
0.172941176470588,0.163,10
0.204375,0.059,10
0.525,0,10
0.204375,0.068,10
0.145,0.319,10
0.321428571428572,0.008,10
0.470192307692308,0,10
0.204375,0.071,10
0.292067307692308,0.014,10
0.16875,0.229,10
0.204375,0.107,10
0.280714285714286,0.037,10
0.204375,0.1,10
0.321428571428572,0.006,10
0.204375,0.086,10
0.172941176470588,0.204,10
0.280714285714286,0.045,10
0.368406593406593,0.001,10
0.415384615384615,0,10
0.470192307692308,0,10
0.368406593406593,0.004,10
0.24,0.09,10
0.109375,0.358,10
0.24,0.138,10
0.16875,0.337,10
0.280714285714286,0.021,10
0.321428571428572,0.012,10
0.423214285714286,0.001,10
0.109375,0.399,10
0.346875,0.011,10
0.232692307692308,0.034,10
0.280714285714286,0.015,10
0.204375,0.067,10
0.280714285714286,0.021,10
0.321428571428572,0.012,10
0.172941176470588,0.056,10
0.172941176470588,0.129,10
0.204375,0.086,10
0.16875,0.295,10
0.292067307692308,0.034,10
0.109375,0.434,10
0.423214285714286,0,10
0.204375,0.093,10
0.16875,0.194,10
0.204375,0.096,10
0.145,0.135,10
0.145,0.15,10
0.0779411764705883,0.544,10
0.137316176470588,0.204,10
0.16875,0.185,10
0.260633484162896,0.022,10
0.368406593406593,0.003,10
0.280714285714286,0.013,10
0.423214285714286,0.001,10
0.137316176470588,0.341,10
0.346875,0.007,10
0.245089285714286,0.037,10
0.321428571428572,0.016,10
0.525,0,10
0.245089285714286,0.021,10
0.172941176470588,0.111,10
0.321428571428572,0.007,10
0.280714285714286,0.034,10
0.423214285714286,0.003,10
0.172941176470588,0.154,10
0.204375,0.044,10
0.327692307692308,0.006,10
0.204375,0.119,10
0.470192307692308,0,10
0.24,0.079,10
0.368406593406593,0.005,10
0.327692307692308,0.008,10
0.327692307692308,0.011,10
0.321428571428572,0.021,10
0.172941176470588,0.165,10
0.137316176470588,0.213,10
0.204375,0.059,10
0.109375,0.516,10
0.105882352941177,0.5,10
0.327692307692308,0.009,10
0.137316176470588,0.244,10
0.204375,0.099,10
0.16875,0.185,10
0.16875,0.347,10
0.204375,0.04,10
0.204375,0.141,10
0.16875,0.134,10
0.327692307692308,0,10
0.260633484162896,0.03,10
0.204375,0.076,10
0.109375,0.45,10
0.327692307692308,0.008,10
0.654545454545455,0,10
0.280714285714286,0.02,10
0.24,0.04,10
0.204375,0.129,10
0.24,0.076,10
0.368406593406593,0.002,10
0.245089285714286,0.033,10
0.321428571428572,0.016,10
0.204375,0.046,10
0.280714285714286,0.019,10
0.245089285714286,0.033,10
0.280714285714286,0.024,10
0.245089285714286,0.026,10
0.204375,0.104,10
0.245089285714286,0.063,10
0.415384615384615,0.001,10
0.245089285714286,0.031,10
0.213655462184874,0.074,10
0.368406593406593,0.002,10
0.137316176470588,0.398,10
0.292067307692308,0.019,10
0.280714285714286,0.025,10
0.280714285714286,0.022,10
0.172941176470588,0.224,10
0.280714285714286,0.039,10
0.292067307692308,0.033,10
0.16875,0.11,10
0.245089285714286,0.033,10
0.280714285714286,0.014,10
0.137316176470588,0.229,10
0.185714285714286,0.165,10
0.280714285714286,0.014,10
0.280714285714286,0.014,10
0.16875,0.18,10
0.137316176470588,0.204,10
0.327692307692308,0.013,10
0.137316176470588,0.27,10
0.415384615384615,0.003,10
0.280714285714286,0.025,10
0.280714285714286,0.023,10
0.327692307692308,0.003,10
0.423214285714286,0.003,10
0.204375,0.109,10
0.204375,0.087,10
0.470192307692308,0.001,10
0.280714285714286,0.028,10
0.204375,0.147,10
0.137316176470588,0.357,10
0.292067307692308,0.009,10
0.24,0.054,10
0.368406593406593,0.009,10
0.185714285714286,0.108,10
0.3825,0.001,10
0.24,0.032,10
0.327692307692308,0.015,10
0.3825,0.004,10
0.204375,0.05,10
0.160714285714286,0.087,10
0.321428571428572,0.017,10
0.327692307692308,0.002,10
0.280714285714286,0.018,10
0.280714285714286,0.022,10
0.204375,0.079,10
0.24,0.056,10
0.368406593406593,0.006,10
0.321428571428572,0.008,10
0.16875,0.251,10
0.280714285714286,0.031,10
0.172941176470588,0.13,10
0.260633484162896,0.034,10
0.204375,0.127,10
0.204375,0.095,10
0.05,0.86,10
0.24,0.053,10
0.245089285714286,0.063,10
0.137316176470588,0.214,10
0.280714285714286,0.02,10
0.415384615384615,0.003,10
0.280714285714286,0.027,10
0.368406593406593,0.009,10
0.204375,0.079,10
0.3825,0.002,10
0.368406593406593,0.001,10
0.0779411764705883,0.485,10
0.137316176470588,0.27,10
0.137316176470588,0.447,10
0.415384615384615,0.001,10
0.0779411764705883,0.714,10
0.327692307692308,0.012,10
0.368406593406593,0.003,10
0.204375,0.084,10
0.245089285714286,0.052,10
0.24,0.038,10
0.292067307692308,0.019,10
0.172941176470588,0.192,10
0.204375,0.044,10
0.368406593406593,0.005,10
0.280714285714286,0.073,10
0.213655462184874,0.037,10
0.24,0.061,10
0.16875,0.256,10
0.16875,0.188,10
0.204375,0.128,10
0.0779411764705883,0.546,10
0.321428571428572,0.014,10
0.204375,0.117,10
0.137316176470588,0.443,10
0.368406593406593,0.002,10
0.415384615384615,0,10
0.0779411764705883,0.61,10
0.415384615384615,0.004,10
0.321428571428572,0.019,10
0.24,0.081,10
0.3825,0.001,10
0.213655462184874,0.081,10
0.16875,0.245,10
0.280714285714286,0.012,10
0.232692307692308,0.036,10
0.05,0.859,10
0.487987012987013,0.001,10
0.346875,0.005,10
0.137316176470588,0.276,10
0.24,0.044,10
0.172941176470588,0.108,10
0.172941176470588,0.139,10
0.423214285714286,0,10
0.280714285714286,0.022,10
0.368406593406593,0.002,10
0.137316176470588,0.408,10
0.368406593406593,0.002,10
0.327692307692308,0.004,10
0.280714285714286,0.02,10
0.280714285714286,0.041,10
0.327692307692308,0.007,10
0.213655462184874,0.071,10
0.24,0.043,10
0.321428571428572,0.027,10
0.0529411764705883,0.682,10
0.368406593406593,0.003,10
0.204375,0.133,10
0.204375,0.074,10
0.415384615384615,0.002,10
0.204375,0.056,10
0.245089285714286,0.041,10
0.16875,0.116,10
0.327692307692308,0.009,10
0.245089285714286,0.018,10
0.280714285714286,0.025,10
0.321428571428572,0.004,10
0.172941176470588,0.1,10
0.204375,0.121,10
0.204375,0.065,10
0.204375,0.083,10
0.137316176470588,0.161,10
0.137316176470588,0.268,10
0.16875,0.201,10
0.280714285714286,0.022,10
0.204375,0.161,10
0.260633484162896,0.012,10
0.204375,0.086,10
0.137316176470588,0.265,10
0.327692307692308,0.005,10
0.589772727272727,0,10
0.368406593406593,0.006,10
0.245089285714286,0.041,10
0.368406593406593,0.004,10
0.172941176470588,0.064,10
0.213655462184874,0.081,10
0.321428571428572,0.009,10
0.327692307692308,0.003,10
0.213655462184874,0.045,10
0.327692307692308,0.003,10
0.280714285714286,0.007,10
0.24,0.029,10
0.280714285714286,0.021,10
0.16875,0.217,10
0.204375,0.105,10
0.105882352941177,0.459,10
0.321428571428572,0.011,10
0.16875,0.175,10
0.137316176470588,0.283,10
0.245089285714286,0.067,10
0.109375,0.375,10
0.327692307692308,0.008,10
0.16875,0.18,10
0.447272727272727,0,10
0.368406593406593,0.004,10
0.204375,0.078,10
0.280714285714286,0.014,10
0.16875,0.223,10
0.245089285714286,0.038,10
0.204375,0.075,10
0.105882352941177,0.509,10
0.137316176470588,0.277,10
0.280714285714286,0.033,10
0.280714285714286,0.044,10
0.260633484162896,0.009,10
0.137316176470588,0.255,10
0.280714285714286,0.019,10
0.137316176470588,0.241,10
0.172941176470588,0.172,10
0.204375,0.082,10
0.423214285714286,0.002,10
0.172941176470588,0.124,10
0.321428571428572,0.015,10
0.16875,0.186,10
0.204375,0.083,10
0.368406593406593,0.009,10
0.321428571428572,0.003,10
0.172941176470588,0.152,10
0.137316176470588,0.287,10
0.24,0.061,10
0.565714285714286,0,1
0.589772727272727,0,1
0.3825,0.001,1
0.612692307692308,0,1
1,0,1
0.470192307692308,0,1
0.905,0,1
0.589772727272727,0.001,1
0.589772727272727,0,1
0.654545454545455,0,1
0.905,0,1
0.905,0,1
0.654545454545455,0,1
0.732272727272727,0,1
0.6675,0,1
0.470192307692308,0,1
0.654545454545455,0,1
0.6675,0,1
0.905,0,1
0.905,0,1
0.487987012987013,0,1
0.905,0,1
0.470192307692308,0,1
0.6675,0,1
0.525,0,1
0.6675,0,1
1,0,1
0.534965034965035,0,1
0.487987012987013,0,1
0.6675,0,1
0.415384615384615,0.005,1
0.589772727272727,0,1
0.654545454545455,0,1
1,0,1
0.654545454545455,0,1
1,0,1
0.525,0,1
0.470192307692308,0.003,1
0.6675,0,1
0.3825,0.006,1
0.6675,0,1
0.732272727272727,0,1
0.905,0,1
0.732272727272727,0,1
0.3825,0.003,1
0.534965034965035,0.002,1
0.24,0.076,1
0.732272727272727,0,1
0.470192307692308,0,1
0.654545454545455,0,1
0.732272727272727,0,1
0.380213903743316,0.001,1
0.905,0,1
0.905,0,1
0.905,0,1
0.470192307692308,0.003,1
0.612692307692308,0,1
0.732272727272727,0,1
0.732272727272727,0,1
0.732272727272727,0,1
0.280714285714286,0.02,1
0.534965034965035,0,1
0.525,0.001,1
0.732272727272727,0,1
1,0,1
1,0,1
0.654545454545455,0,1
0.534965034965035,0,1
0.732272727272727,0,1
0.589772727272727,0,1
0.612692307692308,0,1
0.732272727272727,0,1
0.534965034965035,0,1
0.6675,0,1
0.589772727272727,0,1
0.534965034965035,0,1
0.905,0,1
0.245089285714286,0.022,1
1,0,1
1,0,1
0.654545454545455,0,1
0.327692307692308,0.006,1
0.3825,0,1
0.589772727272727,0,1
0.732272727272727,0,1
0.732272727272727,0,1
0.905,0,1
0.654545454545455,0,1
0.487987012987013,0,1
0.654545454545455,0,1
0.589772727272727,0,1
0.6675,0,1
0.3825,0.014,1
0.654545454545455,0,1
0.654545454545455,0,1
0.589772727272727,0,1
0.589772727272727,0,1
1,0,1
0.654545454545455,0,1
0.732272727272727,0,1
0.654545454545455,0,1
0.612692307692308,0,1
0.905,0,1
0.905,0,1
0.589772727272727,0,1
0.470192307692308,0.002,1
0.487987012987013,0,1
0.415384615384615,0.003,1
0.423214285714286,0,1
0.6675,0,1
0.368406593406593,0.004,1
0.732272727272727,0,1
0.534965034965035,0,1
0.732272727272727,0,1
0.732272727272727,0,1
0.732272727272727,0,1
0.589772727272727,0,1
0.589772727272727,0,1
0.470192307692308,0.002,1
0.280714285714286,0.024,1
0.732272727272727,0,1
0.612692307692308,0,1
0.732272727272727,0,1
0.905,0,1
0.732272727272727,0,1
0.423214285714286,0,1
0.368406593406593,0.004,1
0.612692307692308,0,1
0.487987012987013,0,1
0.525,0.001,1
0.732272727272727,0,1
0.487987012987013,0.001,1
0.487987012987013,0,1
0.905,0,1
0.732272727272727,0,1
0.905,0,1
0.654545454545455,0,1
0.905,0,1
0.487987012987013,0.001,1
0.905,0,1
0.654545454545455,0,1
0.470192307692308,0,1
0.534965034965035,0,1
0.654545454545455,0,1
0.321428571428572,0.012,1
0.487987012987013,0,1
0.732272727272727,0,1
0.589772727272727,0,1
0.612692307692308,0,1
0.732272727272727,0,1
0.6675,0,1
0.732272727272727,0,1
0.423214285714286,0.001,1
0.732272727272727,0,1
1,0,1
0.589772727272727,0,1
1,0,1
1,0,1
0.327692307692308,0.017,1
0.487987012987013,0.001,1
1,0,1
0.6675,0,1
0.905,0,1
0.24,0.071,1
0.732272727272727,0,1
0.3825,0.002,1
0.6675,0,1
0.612692307692308,0,1
0.654545454545455,0,1
0.487987012987013,0,1
0.905,0,1
0.470192307692308,0.002,1
0.415384615384615,0.001,1
0.612692307692308,0,1
0.525,0.001,1
0.589772727272727,0,1
0.368406593406593,0.004,1
1,0,1
0.368406593406593,0.002,1
0.534965034965035,0.001,1
0.589772727272727,0,1
0.654545454545455,0,1
0.470192307692308,0,1
0.534965034965035,0,1
0.732272727272727,0,1
1,0,1
0.525,0,1
0.905,0,1
0.732272727272727,0,1
0.525,0,1
0.470192307692308,0,1
0.447272727272727,0.002,1
1,0,1
0.905,0,1
0.732272727272727,0,1
0.470192307692308,0,1
0.245089285714286,0.042,1
0.6675,0,1
1,0,1
0.589772727272727,0,1
0.415384615384615,0.001,1
0.654545454545455,0,1
1,0,1
0.905,0,1
0.905,0,1
0.732272727272727,0,1
0.6675,0,1
0.589772727272727,0,1
0.654545454545455,0,1
0.732272727272727,0,1
0.654545454545455,0,1
1,0,1
0.368406593406593,0.007,1
1,0,1
0.6675,0,1
0.534965034965035,0,1
0.589772727272727,0,1
0.732272727272727,0,1
0.905,0,1
1,0,1
0.525,0.001,1
0.470192307692308,0,1
0.732272727272727,0,1
0.732272727272727,0,1
0.525,0,1
0.732272727272727,0,1
0.534965034965035,0,1
0.6675,0,1
0.470192307692308,0.001,1
0.6675,0,1
0.654545454545455,0,1
0.905,0,1
1,0,1
0.589772727272727,0,1
0.423214285714286,0.002,1
0.732272727272727,0,1
0.732272727272727,0,1
1,0,1
1,0,1
0.905,0,1
0.612692307692308,0,1
0.525,0,1
0.589772727272727,0,1
0.589772727272727,0,1
0.534965034965035,0,1
0.612692307692308,0,1
0.589772727272727,0,1
0.612692307692308,0,1
0.732272727272727,0,1
0.589772727272727,0,1
0.905,0,1
0.565714285714286,0,1
0.612692307692308,0,1
0.589772727272727,0,1
0.732272727272727,0,1
0.415384615384615,0,1
0.905,0,1
1,0,1
0.423214285714286,0.002,1
0.423214285714286,0.004,1
0.525,0,1
0.732272727272727,0,1
0.534965034965035,0,1
1,0,1
0.905,0,1
0.589772727272727,0,1
0.905,0,1
0.6675,0,1
0.487987012987013,0,1
0.487987012987013,0.001,1
0.654545454545455,0,1
0.423214285714286,0,1
0.654545454545455,0,1
0.612692307692308,0,1
0.6675,0,1
0.6675,0,1
0.565714285714286,0,1
1,0,1
0.346875,0.005,1
0.905,0,1
0.905,0,1
0.654545454545455,0,1
0.732272727272727,0,1
1,0,1
0.327692307692308,0.01,1
0.534965034965035,0,1
0.534965034965035,0,1
0.321428571428572,0.013,1
0.534965034965035,0,1
0.589772727272727,0,1
0.534965034965035,0,1
1,0,1
0.589772727272727,0,1
1,0,1
0.905,0,1
0.732272727272727,0,1
0.470192307692308,0,1
1,0,1
0.292067307692308,0.017,1
0.732272727272727,0,1
0.654545454545455,0,1
0.415384615384615,0.003,1
0.534965034965035,0.001,1
0.470192307692308,0,1
0.589772727272727,0,1
0.654545454545455,0,1
0.905,0,1
0.905,0,1
1,0,1
0.732272727272727,0,1
0.732272727272727,0,1
0.732272727272727,0,1
0.3825,0.004,1
0.534965034965035,0,1
1,0,1
0.654545454545455,0,1
0.534965034965035,0,1
0.589772727272727,0,1
0.732272727272727,0,1
0.6675,0,1
0.6675,0,1
1,0,1
0.534965034965035,0,1
0.447272727272727,0,1
0.368406593406593,0.005,1
0.525,0,1
0.423214285714286,0,1
1,0,1
0.589772727272727,0,1
0.732272727272727,0,1
0.732272727272727,0,1
0.321428571428572,0.014,1
0.534965034965035,0,1
0.423214285714286,0.002,1
0.447272727272727,0,1
0.589772727272727,0,1
0.732272727272727,0,1
0.589772727272727,0,1
1,0,1
0.487987012987013,0,1
1,0,1
0.732272727272727,0,1
1,0,1
0.470192307692308,0,1
0.654545454545455,0,1
0.380213903743316,0.003,1
0.457941176470588,0,1
0.905,0,1
0.470192307692308,0.001,1
0.346875,0.015,1
0.565714285714286,0,1
0.654545454545455,0,1
0.654545454545455,0,1
1,0,1
0.589772727272727,0,1
0.3825,0.004,1
0.654545454545455,0,1
0.612692307692308,0,1
0.415384615384615,0.002,1
0.612692307692308,0,1
0.612692307692308,0.001,1
0.6675,0,1
0.589772727272727,0,1
0.415384615384615,0.002,1
0.411647727272727,0,1
0.6675,0,1
0.447272727272727,0,1
0.525,0,1
0.6675,0,1
0.6675,0,1
0.589772727272727,0,1
0.732272727272727,0,1
0.534965034965035,0,1
0.905,0,1
0.732272727272727,0,1
0.654545454545455,0,1
0.732272727272727,0,1
0.654545454545455,0,1
0.470192307692308,0,1
0.654545454545455,0,1
1,0,1
0.487987012987013,0.001,1
0.292067307692308,0.026,1
0.447272727272727,0.005,1
0.6675,0,1
0.589772727272727,0,1
0.3825,0.003,1
0.732272727272727,0,1
0.589772727272727,0,1
0.487987012987013,0.001,1
0.905,0,1
1,0,1
0.3825,0.001,1
0.487987012987013,0.001,1
0.6675,0,1
0.470192307692308,0,1
1,0,1
0.732272727272727,0,1
0.487987012987013,0.001,1
0.565714285714286,0,1
0.732272727272727,0,1
0.589772727272727,0,1
0.612692307692308,0,1
0.654545454545455,0,1
0.6675,0,1
0.732272727272727,0,1
0.589772727272727,0,1
0.411647727272727,0.003,1
0.6675,0,1
0.732272727272727,0,1
0.368406593406593,0.003,1
0.6675,0,1
0.612692307692308,0,1
0.589772727272727,0,1
0.423214285714286,0.001,1
0.534965034965035,0,1
0.654545454545455,0,1
0.905,0,1
0.534965034965035,0.001,1
0.612692307692308,0,1
0.470192307692308,0.001,1
0.732272727272727,0,1
0.732272727272727,0,1
0.447272727272727,0,1
0.470192307692308,0.003,1
0.565714285714286,0,1
1,0,1
0.589772727272727,0,1
0.612692307692308,0,1
0.368406593406593,0.006,1
0.905,0,1
0.589772727272727,0,1
0.732272727272727,0,1
0.380213903743316,0.001,1
0.6675,0,1
0.612692307692308,0,1
1,0,1
0.732272727272727,0,1
1,0,1
0.368406593406593,0.002,1
0.470192307692308,0.001,1
0.732272727272727,0,1
0.732272727272727,0,1
0.732272727272727,0,1
0.525,0,1
0.534965034965035,0.001,1
0.525,0,1
0.3825,0.003,1
0.589772727272727,0,1
0.423214285714286,0,1
0.654545454545455,0,1
0.905,0,1
0.732272727272727,0,1
0.732272727272727,0,1
0.589772727272727,0,1
0.411647727272727,0,1
0.732272727272727,0,1
0.732272727272727,0,1
0.732272727272727,0,1
0.415384615384615,0.001,1
0.487987012987013,0.001,1
0.589772727272727,0,1
0.327692307692308,0.011,1
0.470192307692308,0,1
0.732272727272727,0,1
0.6675,0,1
0.905,0,1
0.905,0,1
0.368406593406593,0.003,1
1,0,1
0.589772727272727,0,1
0.6675,0,1
0.6675,0,1
0.534965034965035,0.001,1
0.470192307692308,0,1
0.905,0,1
1,0,1
0.732272727272727,0,1
0.732272727272727,0,1
1,0,1
0.732272727272727,0,1
1,0,1
0.423214285714286,0,1
0.525,0,1
0.905,0,1
0.415384615384615,0.001,1
0.654545454545455,0,1
0.732272727272727,0,1
0.589772727272727,0,1
0.534965034965035,0,1
0.565714285714286,0,1
0.447272727272727,0,1
0.905,0,1
0.6675,0,1
0.6675,0,1
0.534965034965035,0.001,1
0.732272727272727,0,1
0.732272727272727,0,1
0.3825,0.002,1
1,0,1
0.16875,0.272,25
0.137316176470588,0.239,25
0.137316176470588,0.268,25
0.137316176470588,0.243,25
0.204375,0.06,25
0.0779411764705883,0.594,25
0.105882352941177,0.597,25
0.16875,0.221,25
0.327692307692308,0.007,25
0.327692307692308,0.008,25
0.0779411764705883,0.446,25
0.137316176470588,0.265,25
0.172941176470588,0.149,25
0.137316176470588,0.322,25
0.0779411764705883,0.447,25
0.172941176470588,0.084,25
0.204375,0.131,25
0.213655462184874,0.028,25
0.0529411764705883,0.797,25
0.137316176470588,0.255,25
0.280714285714286,0.015,25
0.204375,0.094,25
0.321428571428572,0.009,25
0.105882352941177,0.433,25
0.321428571428572,0.017,25
0.137316176470588,0.308,25
0.204375,0.157,25
0.280714285714286,0.012,25
0.105882352941177,0.528,25
0.327692307692308,0.02,25
0.137316176470588,0.378,25
0.105882352941177,0.334,25
0.245089285714286,0.037,25
0.204375,0.072,25
0.204375,0.109,25
0.137316176470588,0.426,25
0.137316176470588,0.249,25
0.204375,0.109,25
0.12,0.247,25
0.137316176470588,0.183,25
0.137316176470588,0.273,25
0.245089285714286,0.053,25
0.24,0.045,25
0.260633484162896,0.037,25
0.213655462184874,0.043,25
0.137316176470588,0.395,25
0.24,0.07,25
0.109375,0.446,25
0.145,0.181,25
0.245089285714286,0.035,25
0.109375,0.457,25
0.204375,0.076,25
0.105882352941177,0.679,25
0.172941176470588,0.179,25
0.185714285714286,0.102,25
0.24,0.099,25
0.24,0.105,25
0.204375,0.053,25
0.16875,0.205,25
0.137316176470588,0.306,25
0.327692307692308,0.013,25
0.280714285714286,0.017,25
0.0779411764705883,0.635,25
0.245089285714286,0.039,25
0.185714285714286,0.18,25
0.16875,0.225,25
0.280714285714286,0.024,25
0.0779411764705883,0.687,25
0.145,0.383,25
0.327692307692308,0.009,25
0.145,0.393,25
0.109375,0.36,25
0.137316176470588,0.194,25
0.280714285714286,0.024,25
0.213655462184874,0.051,25
0.204375,0.098,25
0.245089285714286,0.031,25
0.204375,0.14,25
0.280714285714286,0.032,25
0.137316176470588,0.306,25
0.0779411764705883,0.541,25
0.24,0.071,25
0.137316176470588,0.345,25
0.327692307692308,0.002,25
0.213655462184874,0.026,25
0.16875,0.253,25
0.3825,0.008,25
0.280714285714286,0.015,25
0.105882352941177,0.42,25
0.232692307692308,0.134,25
0.025,0.927,25
0.137316176470588,0.369,25
0.105882352941177,0.636,25
0.137316176470588,0.314,25
0.16875,0.21,25
0.137316176470588,0.251,25
0.160714285714286,0.139,25
0.245089285714286,0.093,25
0.0779411764705883,0.746,25
0.05,0.805,25
0.145,0.213,25
0.172941176470588,0.129,25
0.280714285714286,0.028,25
0.137316176470588,0.253,25
0.327692307692308,0.002,25
0.0779411764705883,0.488,25
0.145,0.217,25
0.105882352941177,0.522,25
0.137316176470588,0.266,25
0.204375,0.11,25
0.0779411764705883,0.572,25
0.109375,0.285,25
0.204375,0.068,25
0.137316176470588,0.211,25
0.16875,0.352,25
0.105882352941177,0.633,25
0.415384615384615,0.002,25
0.084375,0.65,25
0.137316176470588,0.266,25
0.109375,0.39,25
0.368406593406593,0.005,25
0.24,0.081,25
0.109375,0.533,25
0.105882352941177,0.576,25
0.172941176470588,0.151,25
0.292067307692308,0.019,25
0.16875,0.199,25
0.16875,0.314,25
0.245089285714286,0.063,25
0.137316176470588,0.288,25
0.280714285714286,0.019,25
0.16875,0.169,25
0.0779411764705883,0.591,25
0.172941176470588,0.092,25
0.327692307692308,0.013,25
0.368406593406593,0.007,25
0.137316176470588,0.145,25
0.025,0.858,25
0.084375,0.312,25
0.280714285714286,0.035,25
0.084375,0.482,25
0.245089285714286,0.018,25
0.368406593406593,0.005,25
0.105882352941177,0.653,25
0.145,0.36,25
0.204375,0.093,25
0.109375,0.231,25
0.204375,0.169,25
0.0529411764705883,0.754,25
0.321428571428572,0.016,25
0.368406593406593,0.004,25
0.0779411764705883,0.58,25
0.0779411764705883,0.514,25
0.172941176470588,0.126,25
0.280714285714286,0.026,25
0.204375,0.156,25
0.137316176470588,0.201,25
0.0779411764705883,0.575,25
0.213655462184874,0.079,25
0.280714285714286,0.013,25
0.204375,0.077,25
0.245089285714286,0.054,25
0.0529411764705883,0.838,25
0.109375,0.335,25
0.204375,0.129,25
0.24,0.074,25
0.213655462184874,0.079,25
0.109375,0.364,25
0.109375,0.427,25
0.204375,0.133,25
0.24,0.072,25
0.105882352941177,0.537,25
0.109375,0.263,25
0.0779411764705883,0.514,25
0.109375,0.416,25
0.204375,0.084,25
0.16875,0.186,25
0.204375,0.063,25
0.204375,0.085,25
0.137316176470588,0.283,25
0.16875,0.148,25
0.280714285714286,0.013,25
0.137316176470588,0.328,25
0.321428571428572,0.01,25
0.260633484162896,0.036,25
0.415384615384615,0,25
0.137316176470588,0.3,25
0.346875,0.011,25
0.172941176470588,0.107,25
0.137316176470588,0.352,25
0.204375,0.123,25
0.24,0.063,25
0.204375,0.102,25
0.109375,0.349,25
0.204375,0.057,25
0.137316176470588,0.302,25
0.172941176470588,0.118,25
0.137316176470588,0.328,25
0.280714285714286,0.032,25
0.245089285714286,0.058,25
0.16875,0.188,25
0.105882352941177,0.526,25
0.0529411764705883,0.622,25
0.368406593406593,0.004,25
0.16875,0.247,25
0.172941176470588,0.162,25
0.280714285714286,0.028,25
0.204375,0.061,25
0.280714285714286,0.046,25
0.321428571428572,0.008,25
0.12,0.359,25
0.232692307692308,0.072,25
0.105882352941177,0.487,25
0.172941176470588,0.24,25
0.213655462184874,0.055,25
0.137316176470588,0.282,25
0.415384615384615,0.003,25
0.16875,0.289,25
0.172941176470588,0.109,25
0.109375,0.513,25
0.172941176470588,0.198,25
0.368406593406593,0.003,25
0.280714285714286,0.021,25
0.137316176470588,0.301,25
0.245089285714286,0.034,25
0.204375,0.083,25
0.245089285714286,0.063,25
0.137316176470588,0.348,25
0.0779411764705883,0.553,25
0.16875,0.284,25
0.204375,0.129,25
0.321428571428572,0.01,25
0.368406593406593,0.001,25
0.137316176470588,0.421,25
0.292067307692308,0.012,25
0.172941176470588,0.128,25
0.109375,0.51,25
0.24,0.055,25
0.245089285714286,0.056,25
0.185714285714286,0.134,25
0.213655462184874,0.067,25
0.204375,0.142,25
0.137316176470588,0.241,25
0.213655462184874,0.08,25
0.109375,0.426,25
0.137316176470588,0.406,25
0.105882352941177,0.589,25
0.245089285714286,0.092,25
0.327692307692308,0.006,25
0.137316176470588,0.321,25
0.204375,0.105,25
0.24,0.059,25
0.260633484162896,0.014,25
0.245089285714286,0.109,25
0.280714285714286,0.012,25
0.05,0.875,25
0.137316176470588,0.251,25
0.204375,0.075,25
0.0529411764705883,0.679,25
0.204375,0.086,25
0.321428571428572,0.011,25
0.16875,0.267,25
0.245089285714286,0.032,25
0.292067307692308,0.018,25
0.0779411764705883,0.603,25
0.368406593406593,0.003,25
0.16875,0.15,25
0.137316176470588,0.323,25
0.105882352941177,0.398,25
0.525,0,25
0.137316176470588,0.338,25
0.204375,0.064,25
0.05,0.853,25
0.204375,0.078,25
0.16875,0.192,25
0.105882352941177,0.458,25
0.172941176470588,0.152,25
0.105882352941177,0.305,25
0.137316176470588,0.327,25
0.109375,0.449,25
0.204375,0.089,25
0.204375,0.115,25
0.172941176470588,0.137,25
0.12,0.26,25
0.145,0.187,25
0.245089285714286,0.066,25
0.109375,0.413,25
0.204375,0.12,25
0.0779411764705883,0.588,25
0.280714285714286,0.019,25
0.172941176470588,0.161,25
0.368406593406593,0.008,25
0.245089285714286,0.038,25
0.204375,0.069,25
0.137316176470588,0.235,25
0.204375,0.055,25
0.109375,0.38,25
0.137316176470588,0.193,25
0.0779411764705883,0.62,25
0.109375,0.435,25
0.321428571428572,0.017,25
0.213655462184874,0.054,25
0.292067307692308,0.01,25
0.025,0.926,25
0.204375,0.076,25
0.137316176470588,0.211,25
0.137316176470588,0.186,25
0.0529411764705883,0.608,25
0.0779411764705883,0.703,25
0.172941176470588,0.167,25
0.213655462184874,0.057,25
0.280714285714286,0.024,25
0.137316176470588,0.352,25
0.245089285714286,0.043,25
0.137316176470588,0.318,25
0.204375,0.121,25
0.185714285714286,0.088,25
0.105882352941177,0.683,25
0.24,0.077,25
0.145,0.391,25
0.204375,0.082,25
0.280714285714286,0.009,25
0.24,0.049,25
0.137316176470588,0.314,25
0.145,0.128,25
0.137316176470588,0.493,25
0.172941176470588,0.162,25
0.204375,0.091,25
0.24,0.083,25
0.204375,0.061,25
0.137316176470588,0.218,25
0.16875,0.16,25
0.105882352941177,0.457,25
0.204375,0.098,25
0.280714285714286,0.033,25
0.204375,0.143,25
0.368406593406593,0.005,25
0.24,0.126,25
0.280714285714286,0.014,25
0.16875,0.295,25
0.137316176470588,0.323,25
0.16875,0.336,25
0.24,0.064,25
0.172941176470588,0.183,25
0.16875,0.249,25
0.172941176470588,0.231,25
0.16875,0.191,25
0.05,0.755,25
0.109375,0.333,25
0.204375,0.145,25
0.204375,0.076,25
0.245089285714286,0.037,25
0.05,0.761,25
0.204375,0.082,25
0.137316176470588,0.387,25
0.565714285714286,0,25
0.16875,0.289,25
0.260633484162896,0.022,25
0.16875,0.194,25
0.172941176470588,0.138,25
0.280714285714286,0.038,25
0.16875,0.281,25
0.0529411764705883,0.787,25
0.16875,0.244,25
0.105882352941177,0.414,25
0.16875,0.206,25
0.24,0.102,25
0.0779411764705883,0.385,25
0.204375,0.087,25
0.321428571428572,0.027,25
0.137316176470588,0.262,25
0.292067307692308,0.026,25
0.172941176470588,0.148,25
0.280714285714286,0.01,25
0.415384615384615,0.002,25
0.280714285714286,0.017,25
0.105882352941177,0.501,25
0.204375,0.082,25
0.280714285714286,0.025,25
0.423214285714286,0.002,25
0.145,0.236,25
0.321428571428572,0.023,25
0.16875,0.2,25
0.321428571428572,0.011,25
0.232692307692308,0.077,25
0.24,0.04,25
0.172941176470588,0.19,25
0.245089285714286,0.064,25
0.24,0.054,25
0.204375,0.077,25
0.280714285714286,0.015,25
0.109375,0.356,25
0.105882352941177,0.563,25
0.24,0.055,25
0.16875,0.145,25
0.280714285714286,0.012,25
0.16875,0.213,25
0.084375,0.521,25
0.415384615384615,0.001,25
0.204375,0.2,25
0.213655462184874,0.061,25
0.415384615384615,0.002,25
0.172941176470588,0.163,25
0.204375,0.078,25
0.321428571428572,0.008,25
0.292067307692308,0.024,25
0.137316176470588,0.383,25
0.172941176470588,0.092,25
0.204375,0.09,25
0.368406593406593,0.003,25
0.213655462184874,0.074,25
0.137316176470588,0.244,25
0.24,0.043,25
0.0529411764705883,0.733,25
0.280714285714286,0.025,25
0.172941176470588,0.124,25
0.145,0.177,25
0.137316176470588,0.243,25
0.172941176470588,0.057,25
0.16875,0.214,25
0.0779411764705883,0.569,25
0.327692307692308,0.011,25
0.109375,0.362,25
0.280714285714286,0.013,25
0.245089285714286,0.042,25
0.245089285714286,0.032,25
0.423214285714286,0,25
0.137316176470588,0.346,25
0.137316176470588,0.242,25
0.172941176470588,0.11,25
0.280714285714286,0.038,25
0.368406593406593,0.005,25
0.213655462184874,0.05,25
0.368406593406593,0.003,25
0.245089285714286,0.041,25
0.137316176470588,0.326,25
0.327692307692308,0.003,25
0.109375,0.498,25
0.16875,0.235,25
0.327692307692308,0.013,25
0.16875,0.202,25
0.327692307692308,0.014,25
0.24,0.065,25
0.137316176470588,0.515,25
0.109375,0.467,25
0.470192307692308,0,25
0.245089285714286,0.04,25
0.0779411764705883,0.537,25
0.105882352941177,0.586,25
0.109375,0.45,25
0.172941176470588,0.16,25
0.204375,0.093,25
0.213655462184874,0.082,25
0.204375,0.077,25
0.245089285714286,0.056,25
0.16875,0.214,25
0.137316176470588,0.249,25
0.204375,0.096,25
0.346875,0.005,25
0.204375,0.136,25
0.05,0.831,25
0.245089285714286,0.058,25
0.213655462184874,0.032,25
0.292067307692308,0.014,25
0.204375,0.08,25
0.16875,0.172,25
0.204375,0.053,25
0.204375,0.06,25
0.321428571428572,0.02,25
0.24,0.13,25
0.105882352941177,0.608,25
0.084375,0.576,25
0.204375,0.049,25
0.105882352941177,0.42,25
0.137316176470588,0.273,25
0.172941176470588,0.111,25
0.137316176470588,0.38,25
0.24,0.111,25
0.415384615384615,0.002,25
0.204375,0.092,25
0.172941176470588,0.144,25
0.204375,0.049,25
0.185714285714286,0.107,25
0.05,0.829,25
0.213655462184874,0.062,25
0.137316176470588,0.288,25
0.280714285714286,0.026,25
0.280714285714286,0.014,25
0.0779411764705883,0.585,25
0.245089285714286,0.024,25
0.280714285714286,0.025,25
0.137316176470588,0.332,25
0.16875,0.326,25
0.280714285714286,0.012,25
0.025,0.891,25
0.105882352941177,0.454,25
0.172941176470588,0.08,25
0.0529411764705883,0.727,25
0.260633484162896,0.046,25
0.280714285714286,0.004,25
